,n_problems,n_passed,pass@1
humaneval,164.0,119.0,0.725609756097561
mbpp,257.0,186.0,0.7237354085603113
